<?xml version='1.0' encoding='utf-8' standalone='yes' ?>
<map>
    <long name="first_open_time" value="1744695852253" />
    <string name="gmp_app_id">1:367269008986:android:79b1ca5495411124</string>
    <string name="app_instance_id">9e7d36b94971a01f4b3e1c969457da55</string>
    <long name="session_id" value="1756570286" />
    <boolean name="app_backgrounded" value="false" />
    <long name="health_monitor:start" value="1756567651820" />
    <boolean name="use_service" value="true" />
    <boolean name="deferred_analytics_collection" value="false" />
    <string name="previous_os_version">10</string>
    <boolean name="has_been_opened" value="true" />
    <boolean name="allow_remote_dynamite" value="true" />
    <long name="last_pause_time" value="1756570289844" />
    <boolean name="start_new_session" value="true" />
</map>
