<?xml version='1.0' encoding='utf-8' standalone='yes' ?>
<map>
    <long name="first_open_time" value="1756589622341" />
    <string name="gmp_app_id">1:1021260994098:android:55013bb15359124bda4e2b</string>
    <string name="app_instance_id">040c2a6fa78d4d99212c95640f89de72</string>
    <long name="session_id" value="1756589622" />
    <boolean name="app_backgrounded" value="true" />
    <long name="health_monitor:start" value="1756589622554" />
    <boolean name="use_service" value="true" />
    <boolean name="deferred_analytics_collection" value="false" />
    <string name="previous_os_version">10</string>
    <boolean name="has_been_opened" value="true" />
    <boolean name="allow_remote_dynamite" value="true" />
    <long name="last_pause_time" value="1756589947383" />
    <boolean name="start_new_session" value="false" />
</map>
