<?xml version='1.0' encoding='utf-8' standalone='yes' ?>
<map>
    <string name="feature_usage_package_name">com.crunchyroll.crunchyroid</string>
    <long name="feature_usage_timestamp_reported_feature_3" value="1756560864151" />
    <long name="feature_usage_timestamp_reported_feature_15" value="1756560864284" />
    <long name="feature_usage_timestamp_reported_feature_18" value="1756560852121" />
    <long name="feature_usage_last_report_time" value="1756560828166" />
    <string name="feature_usage_sdk_version">21.4.0</string>
    <long name="feature_usage_timestamp_reported_feature_5" value="1756560828145" />
    <long name="feature_usage_timestamp_reported_feature_12" value="1756560864160" />
    <long name="feature_usage_timestamp_reported_feature_33" value="1756560864257" />
</map>
