<?xml version='1.0' encoding='utf-8' standalone='yes' ?>
<map>
    <set name="fire-analytics/21.3.0 kotlin/1.7.10 fire-fcm/23.2.1 android-min-sdk/23 fire-analytics-ktx/21.3.0 fire-fst/24.8.1 fire-core-ktx/unspecified fire-android/29 fire-core/20.3.3 fire-iid/21.1.0 device-name/raphaelin device-model/raphaelin fire-installations/17.1.4 android-installer/com.google.android.packageinstaller android-target-sdk/28 fire-auth/22.1.2 fire-rtdb/20.2.2 fire-gcs/20.2.1 android-platform/ fire-transport/18.1.7 device-brand/Xiaomi">
        <string>2025-08-30</string>
    </set>
    <long name="fire-count" value="1" />
    <string name="last-used-date">2025-08-30</string>
    <long name="fire-global" value="1756589885966" />
</map>
