<?xml version='1.0' encoding='utf-8' standalone='yes' ?>
<map>
    <set name="kotlin/2.0.21 android-min-sdk/26 fire-cls/18.6.4 fire-analytics/21.3.0 fire-sessions/1.2.4 fire-cls-ndk/18.6.4 fire-core-ktx/20.4.2 fire-android/29 fire-core/20.4.2 android-installer/com.android.vending device-name/raphaelin device-model/raphaelin fire-iid/20.1.6 fire-installations/17.2.0 android-platform/ fire-transport/18.1.8 android-target-sdk/35 fire-fcm/20.1.6 device-brand/Xiaomi">
        <string>2025-08-29</string>
    </set>
    <set name="kotlin/2.0.21 android-min-sdk/26 fire-analytics/21.3.0 fire-cls/18.6.4 fire-sessions/1.2.4 fire-cls-ndk/18.6.4 fire-core-ktx/20.4.2 fire-android/29 fire-core/20.4.2 android-installer/com.android.vending device-name/raphaelin device-model/raphaelin fire-iid/20.1.6 fire-installations/17.2.0 android-platform/ fire-transport/18.1.8 android-target-sdk/35 fire-fcm/20.1.6 device-brand/Xiaomi">
        <string>2025-08-30</string>
    </set>
    <string name="last-used-date">2025-08-30</string>
    <long name="fire-count" value="2" />
    <long name="fire-global" value="1756476631049" />
</map>
