<?xml version='1.0' encoding='utf-8' standalone='yes' ?>
<map>
    <int name="ccfbf5df-c260-5c45-9a06-96b3d4c1206f" value="1" />
    <int name="da6d3dd4-72c7-5c38-a3ee-77a38a5e50e5" value="1" />
    <int name="91b3c148-b43a-549d-8d54-0b65847d14d0" value="1" />
    <int name="d5e561b3-4cd9-500b-af16-22cf74b1bcf3" value="2" />
    <int name="da408a08-59ec-586d-b01f-fa2565e31a82" value="1" />
    <int name="6a6b4593-92d2-555e-913a-cc20e168bd07" value="1" />
    <int name="507d3dc6-29c5-5bc7-8948-629d619488a4" value="1" />
    <int name="6a0980ed-58b4-5268-b083-b3aff7f83265" value="1" />
    <int name="af98d7d8-adc9-5655-9a01-da80badaa851" value="1" />
    <int name="43471b9e-3551-58fb-bc39-4013e43c21ac" value="1" />
    <int name="e845db3e-e709-534c-bc8a-676541ca0dfd" value="1" />
    <int name="49bb0db4-f393-5fbf-acb4-85eeb7fc9674" value="3" />
    <int name="3af50b3d-f85d-5092-a5c1-df2c6ad92c5c" value="1" />
    <int name="bc6056f8-1186-550a-8706-817457870ab0" value="1" />
    <int name="fa137608-07dc-571b-9434-b3a6691585cc" value="1" />
</map>
