{"Fid":"cT3HIJJdS3qQ0AY7K_mv5h","Status":3,"RefreshToken":"3_AS3qfwKv9L03QROBjCmU493zwk9khocoOFLnKOgE12Pz4uJxD0Bq70GK_EQpcffen8qbqvUQCjY_lqW67M2SUqA9Uw_b0DGxxqcys5_czkIQTA","AuthToken":"eyJhbGciOiJFUzI1NiIsInR5cCI6IkpXVCJ9.eyJhcHBJZCI6IjE6MzY3MjY5MDA4OTg2OmFuZHJvaWQ6NzliMWNhNTQ5NTQxMTEyNCIsImV4cCI6MTc1NzA4MTQzMiwiZmlkIjoiY1QzSElKSmRTM3FRMEFZN0tfbXY1aCIsInByb2plY3ROdW1iZXIiOjM2NzI2OTAwODk4Nn0.AB2LPV8wRQIgTHxZcZrxoJyVzSPJ5DGkwgHDsDkVjKsO0OrYrX69VMwCIQCDXJkd4jh0S4EcNBLWGC2V4EqVA2gPI5ldnMWCgu92rQ","TokenCreationEpochInSecs":1756476631,"ExpiresInSecs":604800}